,company_name,title
0,GE Renewable Energy,System Design Engineer (m/w/d)
1,GE Vernova,System Design Engineer (m/w/d)
2,Ashby,Engineer Who Can Design - EMEA
3,Turner Lovell,Power Systems Design Engineer
4,GE Renewable Energy,System Design Lead Engineer ( m/w/d)
5,Tesla,"Mechanical Design Engineer (m/w/d) - Exteriors Engineering -Berlin, Germany"
6,Tesla,"Mechanical Design Engineer (m/w/d) - Thermal Systems - Berlin, Germany"
7,GE Renewable Energy,Systems Engineer - System Design (m/w/d)
8,Deutsche Bank,UI Engineer – Design Systems - Corporate Bank (f/m/x)
9,GE Renewable Energy,Senior System Design Engineer (m/w/d)
10,GE Vernova,Senior System Design Engineer (m/w/d)
11,Tesla,"Mechanical Design Engineer (m/w/d), Battery Structures Engineering - Berlin, Germany"
12,GE Vernova,System Design Lead Engineer ( m/w/d)
13,Tesla,"Mechanical Design Engineer - Interiors Engineering (m/w/d) - Berlin, Germany"
14,BELECTRIC GmbH,Innovation & Design Engineer
15,GE Vernova,Systems Engineer - System Design (m/w/d)
16,NUVIEW,Mechanical Design Engineer
17,Tesla,"Mechanical Design Engineer (m/w/d), Body Structures - Berlin, Germany"
18,EnduroSat,Systems Engineer
19,GE Renewable Energy,Plant engineer - Design Resource
20,Tesla,"Mechanical Design Engineer (m/w/d) - Closures Engineering - Berlin, Germany"
21,SH Sulphtec GmbH,Projektingenieur
22,Jung von Matt TECH,Design Engineer (d/f/m)
23,MKS Instruments,System Design Engineer (m/w/d) Verfahrenstechnik
24,ECOPLAN GmbH,Projektingenieur HLS (m/w/d)
25,Novanta Inc.,Systems Engineer (m/f/d) Disposables
26,ALTEN Germany,Designingenieur Bahntechnik (all gender)
27,"Hologic, Inc.",Project Engineer
28,Otsaw Swisslog Healthcare Robotics,Projektingenieur (m/w/d)
29,EnduroSat,System Engineer
30,Kaltura,System Engineer
31,Tesla,"Senior Mechanical Design Engineer (m/w/d) Vehicle Integration - Berlin, Germany"
32,Medialine Group,System Design Engineer - Verfahrenstechnik (m/w/d)- MKS Instruments Deutschland GmbH
33,GE Renewable Energy,System Engineer (m/w/d)
34,NEXTRAIL GmbH,System Studies Engineer (m/w/d)
35,Dorsch Gruppe,Systemingenieur für Bahnsysteme (m/w/d)
36,SPREAD AI,Projektingenieur (m/w/d)
37,Allgeier Public,3D Rendering Systems Engineer
38,Tesla,System Engineering (m/w/d)
39,Deutsche Rentenversicherung Bund,"Senior Mechanical Design Engineer (m/w/d) - Seating - Berlin, Germany"
40,Deutsche Rentenversicherung Bund,Projektingenieur*in Elektrotechnik (m/w/div)
41,GE Vernova,Projektingenieur*in für Versorgungstechnik (m/w/div)
42,Jacobs,System Studies Engineer (m/w/d)
43,Akkodis,I&C Engineer (m/w/d)
44,TOPSTEP Career Management,Werkstudent (m/w/d) im Bereich System Engineering
45,developrec,Projektingenieur (m/w/d) Elektrotechnik
46,GE Renewable Energy,System Engineer
47,FP InovoLabs GmbH,LV Secondary Project Engineer (F/M)
48,Workwise,Hardware-Entwickler Elektronische Baugruppen (m/w/d)
49,Cogs,Projektingenieur Bahn - Bauvorhaben / Verkehrsingenieurwesen / Projektsteuerung (m/w/d)
50,GE Renewable Energy,SCABA Project Engineer
51,GE Renewable Energy,Control & Protection System Engineer (m/w/d)
52,ECOPLAN GmbH,Grid Modeling System Engineer (m/f/d)
53,Drees & Sommer,Projektingenieur*in TGA
54,TOPSTEP Career Management,Projektingenieur (w/m/d) Tragwerksplanung
55,Bark recruiting+,Projektingenieur (m/w/d) Versorgungstechnik in Berlin
56,EDAG Group,Projektingenieur (m/w/d) für die Elektrotechnik - Berlin
57,BVG Projekt GmbH,System Engineer*
58,Capgemini Engineering,Projektingenieur*in BIM
59,Novanta Inc.,Systemingenieur Railway (w/m/d)
60,ALTEN Germany,Systems Engineer (m/f/d) Disposables
61,"Hologic, Inc.",Designingenieur Bahntechnik (all gender)
62,Otsaw Swisslog Healthcare Robotics,Project Engineer
63,EnduroSat,Projektingenieur (m/w/d)
64,Kaltura,System Engineer
65,Tesla,System Engineer
66,Medialine Group,"Senior Mechanical Design Engineer (m/w/d) Vehicle Integration - Berlin, Germany"
67,GE Renewable Energy,System Design Engineer - Verfahrenstechnik (m/w/d)- MKS Instruments Deutschland GmbH
68,Cogs,System Engineer (m/w/d)
69,GE Renewable Energy,System Studies Engineer (m/w/d)
70,GE Renewable Energy,SCABA Project Engineer
71,ECOPLAN GmbH,Control & Protection System Engineer (m/w/d)
72,Drees & Sommer,Grid Modeling System Engineer (m/f/d)
73,TOPSTEP Career Management,Projektingenieur*in TGA
74,Bark recruiting+,Projektingenieur (w/m/d) Tragwerksplanung
75,EDAG Group,Projektingenieur (m/w/d) Versorgungstechnik in Berlin
76,BVG Projekt GmbH,Projektingenieur (m/w/d) für die Elektrotechnik - Berlin
77,Capgemini Engineering,System Engineer*
78,Cogs,Projektingenieur*in BIM
79,GE Renewable Energy,Systemingenieur Railway (w/m/d)
80,Jobs via eFinancialCareers,SCADA Project Engineer
81,SHD System-Haus-Dresden GmbH,Building Services Project Engineer/ Projektingenieur TGA (m/w/d)
82,Annapurna,UI Engineer - Design Systems - Corporate Bank (f/m/x)
83,United Headhunters,System Engineer (m/w/d) - Server & Virtualisierung // Vollzeit / Teilzeit
84,EDAG Group,System Engineer
85,g2 Recruitment,Fachplaner/Projektingenieur (m/w/d) - Versorgungstechnik
86,Group-IPS,System Requirements Engineer*
87,ICL Ingenieur Consult GmbH,Avionics System Engineer
88,Riverstate Premium Recruiting,Projektingenieur Elektrotechnik (m/w/d)
89,Fichtner,Projektingenieur Schienenverkehrsprojekte (m/w/d)
90,SPITZKE SE,Projektingenieur TGA Labor- und Krankenhausbau 50-60k (m/w/d)
91,GE Renewable Energy,Projektingenieur Straßenplanung (m/w/d)
92,Sikla GmbH,Projektingenieur für Oberleitungsanlagen (m/w/d)
93,Status,Lead Control Automation System Engineer (F/M)
94,Stadler Deutschland,Projektingenieur (m/w/d) - Raum Berlin
95,Navartis,Distributed Systems (Network) Engineer
96,GE Vernova,Systemingenieur (w/m/d) E-Engineering ETCS – Berlin
97,GE Renewable Energy,LST Systems Engineer
98,TE Connectivity,Systems Engineer - System Design (OTR) (m/w/d)
99,Siemens Energy,Projektingenieur (m/w/d) High Voltage
100,GE Renewable Energy,Software Systems Engineer (m/w/d)
101,EvoLogics GmbH,BIM Data Manager (f/m/d) for high voltage switchgears
102,Drees & Sommer,Lead Control Automation System Engineer (F/M)
103,GE Vernova,"Hardware-Entwickler Audio, Analogelektronik (m/w/d)"
104,Stromnetz Berlin GmbH,Projektingenieur (w/m/d) TGA-Planung HLSK
105,BIOTRONIK,Lead LV Secondary System Engineer (m/w/d)
106,Omexom Umspannwerke GmbH,Infrastrukturplaner*in für die Projektierung von Netzprojekten
107,BIOTRONIK,Systems Engineer Medical Software
108,GE Vernova,Projektingenieur:in Elektrotechnik(m/w/d)
109,nPlan GmbH,Systemingenieur*in Softwarevalidierung
110,smartblick,Projektingenieur (m/w/d) High Voltage
111,SSF Ingenieure AG,Projektingenieur im Anlagenbau (m/w/d)
112,Rohde & Schwarz,Systemingenieur - interner IT-Support (m/w/d)
113,Michael Page,Projektingenieur (m/w/d) Ingenieurbau
114,ZÜBLIN,Entwickler (m/w/d) für digitale HW und FPGA im Bereich Broadcast- und Amplifier-Applications
115,Sweco,M365 System Engineer (m/w/d)
116,GE Renewable Energy,Projektingenieur:in (m/w/d) in der Technischen Gebäudeausrüstung (TGA)
117,GlobalLogic,Projektingenieur / Techniker Elektrotechnik (m/w/x)
